subject,night,ss_max_position,ss_number,ss_max,ss_median,ss_mean,ss_std,ss_skewness,ss_number_60,ss_max_60,ss_median_60,ss_mean_60,ss_std_60,ss_skewness_60,ss_max_position_last_hour,ss_number_last_hour,ss_max_last_hour,ss_median_last_hour,ss_mean_last_hour,ss_std_last_hour,ss_skewness_last_hour,ss_number_60_last_hour,ss_max_60_last_hour,ss_median_60_last_hour,ss_mean_60_last_hour,ss_std_60_last_hour,ss_skewness_60_last_hour
AB19E,0,0.8571875765882353,91,2919.84375,125.351563,273.4151785824176,410.59527570874167,3.826074264354169,61,2919.84375,272.617188,394.9417264262295,455.1697123130538,3.479090287349613,0.0,3,2877.1875,399.570312,1192.4348956666663,1459.878390012259,0.7034485435696045,3,2877.1875,399.570312,1192.4348956666663,1459.878390012259,0.7034485435696045
AB19E,1,0.488609944129979,57,3900.429688,307.65625,662.2697368771929,863.726991975383,1.9279802397332548,43,3900.429688,545.820313,870.8911700930233,901.7772172912116,1.671500490959924,0.1090389241317036,4,2283.554688,527.7929685,895.3222655,942.5392506765572,1.035206924137243,4,2283.554688,527.7929685,895.3222655,942.5392506765572,1.035206924137243
AB31R,0,0.4188653207740916,41,3777.03125,286.328125,611.0432545609756,818.3479268440321,2.395770048845512,37,3777.03125,332.539063,674.3929476216216,837.7495441339491,2.292748016297983,0.1490997966968373,8,1237.460938,347.265625,442.92480475,365.6981357361525,1.3208082365816924,8,1237.460938,347.265625,442.92480475,365.6981357361525,1.3208082365816924
AB31R,1,2.1845637583892617e-07,57,3285.46875,191.875,464.9355811754386,747.205677670917,2.4905004109675954,38,3285.46875,351.835938,689.4911596052632,830.4091526860535,1.9982322465844709,0.0,21,657.03125,83.203125,165.17857142857142,195.50336564157985,1.1061892677480736,11,657.03125,288.359375,303.7322443636364,179.07345103661316,0.6269458612615442
AB31R,2,0.0499422730406043,33,2771.5625,440.195313,634.8721590909091,645.3558039412959,1.5968297456443057,29,2771.5625,485.898438,719.2120151034483,644.3214825754086,1.560328075821931,0.3163962574794029,7,1659.453125,333.046875,502.29352685714287,587.5449667547001,1.2024347851307289,6,1659.453125,375.9570315,584.7526041666666,597.6078231853551,1.0581151730002956
AC12E,0,0.387296664084507,45,2622.265625,283.28125,559.7795139777778,645.4263787822489,1.3182638679203855,32,2622.265625,632.148438,780.493164125,645.863301323368,1.0464929333270565,0.4166894984415671,8,2099.726562,29.628906,439.68749975,745.0673236049361,1.592036690468915,3,2099.726562,925.664062,1143.684895333333,867.8201145986898,0.4324054801305078
AC12E,1,0.5849020967479674,41,3205.234375,227.929687,528.8767149268292,781.8407704539038,1.94510346805978,23,3205.234375,539.21875,929.2408289130436,854.1097675763442,1.3718892540044778,0.0,4,2485.15625,545.820312,896.9726559999999,1102.888047361817,0.8962197996966961,3,2485.15625,764.179687,1192.2656246666666,1140.769671518534,0.5923164201551985
AH10Y,0,0.0151802669794459,43,2226.171875,288.867187,515.009084255814,539.9433407982286,1.3918006344349023,37,2226.171875,359.453125,595.9427786486486,540.2482224498484,1.2983714805125095,0.8082704218247054,12,690.039062,259.1601565,294.3684895833333,233.32391491447297,0.561285191262014,10,690.039062,263.4765625,349.4492188,215.1924398167697,0.5448185489245746
AH10Y,1,0.2704080648975791,65,2464.84375,159.882812,325.62499998461544,453.0782524335689,2.458698338895139,47,2464.84375,256.367188,443.4798869148936,484.0381695521049,2.1628377025787526,0.3137161288199205,15,824.609375,131.445313,235.1406249333333,241.7856616338053,1.314312153885258,13,824.609375,174.101562,269.296875,242.3209928127574,1.2220440757212372
AK12I,0,0.7463982116326531,43,7456.640625,173.085937,673.1159156046511,1262.4626587411424,3.9005366954325016,29,7456.640625,615.390625,985.7085128965516,1442.117231281207,3.3216779960463647,0.0,1,3599.804687,3599.804687,3599.804687,,0.0,1,3599.804687,3599.804687,3599.804687,,0.0
AK12I,1,0.3542991686088527,66,2914.257813,70.7617185,322.744436530303,632.2627140391419,2.960777176469806,35,2914.257813,279.21875,588.8683035714286,780.2560238037136,2.006152418717249,0.2581387211063195,13,2670.507812,50.703125,265.03906246153844,728.06610947349,3.098323333034926,4,2670.507812,227.167969,798.203125,1253.675078542577,1.1252021692173235
AM21H,0,0.0076969198638247,150,2828.945312,67.2070315,219.6421874733333,456.4571799428958,4.11016204890645,81,2828.945312,189.335937,391.1193094074074,568.5084107774221,3.074137995108318,0.8402909079001988,27,505.195312,75.078125,126.31076388888889,136.60173195011416,1.3378732711860606,15,505.195312,173.59375,210.79947926666668,131.27482339239543,1.0405551322636717
AM21H,1,0.1853553794247787,82,3257.03125,152.5195315,325.1695884878049,529.3391849213913,3.6009076482959124,52,3257.03125,362.7539065,500.5664063461539,599.2665139576217,3.121497589676597,0.1091799836507056,19,942.421875,117.226563,184.3379934210526,251.1430038285997,1.805768238426952,10,942.421875,198.7304685,337.0078125,267.00968170413097,1.3313029167654182
AM21H,2,0.5230668099806202,144,1927.070313,104.785156,208.57991539583332,330.59394639194903,3.183327097418667,87,1927.070313,198.476563,331.4533944137931,378.1629123791777,2.6119714633430524,0.3467240308630237,20,710.859375,101.7382815,172.52734375,185.41865337299373,1.344428916038914,13,710.859375,256.875,257.10937500000006,179.46204578275024,1.2061744595096189
AU09R,0,0.231356373559322,33,3172.734375,173.085937,530.678267030303,847.6139213585815,2.0134458965548965,21,3172.734375,324.414063,822.7473958095238,950.3216249531256,1.4263149078788593,0.0,3,2111.914062,1454.804688,1190.9114583333333,1077.465444567801,-0.4229569004348528,2,2111.914062,1783.359375,1783.359375,464.6464943366472,-1.0503574505805845e-15
AU09R,1,0.6270414272030651,47,2637.5,285.3125,551.2117686382978,697.300276936869,1.559650061609282,33,2637.5,507.734375,775.3977273030304,724.4577309039956,1.2075900319361752,0.0047960199549808,8,2108.359375,108.339844,445.97167975,719.042977143824,1.7605251113120484,4,2108.359375,599.3945315000001,867.0117190000001,856.2672976999859,0.9251185057867184
BR11A,0,0.4573345421568627,37,2487.695313,356.40625,627.8663429189189,684.0891419611011,1.2957847202668198,32,2487.695313,386.621094,723.52294925,688.1535310062537,1.170413807266811,0.2585618991987521,7,1156.71875,356.40625,507.8069195714285,430.3906347931188,0.3721988969266561,7,1156.71875,356.40625,507.8069195714285,430.3906347931188,0.3721988969266561
BR11A,1,0.2151331945868946,35,4080.703125,305.117188,594.7734374285714,804.6766852733248,2.719311898288786,29,4080.703125,396.015625,711.6648706206896,838.8337188671105,2.5622733123376262,0.491168867017774,10,1217.148438,137.285156,354.7812501,423.9763568753952,1.123123080998473,7,1217.148438,425.976563,490.0334822857144,445.408731790481,0.662965953061028
BU07E,0,5.0859375e-07,12,2534.414062,107.832031,633.1217446666666,906.1796892310816,1.1129292071573202,6,2534.414062,1215.117187,1258.9583331666663,930.8794953446412,0.1595067606605704,0.0,4,1702.109375,835.5273435,893.9257809999999,747.7106966769458,0.0943905884251435,4,1702.109375,835.5273435,893.9257809999999,747.7106966769458,0.0943905884251435
BU07E,1,0.4081480045962199,34,3575.429687,390.4296875,674.2072610294117,783.7640212109201,1.9758572790533355,30,3575.429687,451.1132815,761.1666666333333,795.3050850291603,1.898689854764348,0.4564682521858196,9,1595.976562,179.179687,394.3229163333333,497.67315513602097,1.7063229865889658,7,1595.976562,377.226562,501.0602674285714,519.9881334452486,1.488978730632626
CC09K,0,0.5967187350535168,79,1933.671875,176.640625,325.08257516455694,418.0320265219656,1.985658456609341,48,1933.671875,358.4375005,518.3349609583333,438.8491506107231,1.6506482250261962,0.2831062366154185,10,1303.476563,299.5312495,352.2929686,408.3179833759313,1.2912464423631809,6,1303.476563,425.976562,575.7812496666666,387.3917813517106,1.2514935330695862
CC09K,1,0.8893558951965066,77,1868.164062,244.179687,351.73041797402595,404.50312213726136,1.7364861070709685,58,1868.164062,322.12890600000003,462.2764008448276,409.5755479538653,1.5865387790967131,0.1551653514846729,8,1868.164062,226.660156,445.273437375,613.7033592141628,1.7923051172503544,7,1868.164062,289.375,505.6305802857143,636.7123301978621,1.6361830558974768
CC10A,0,0.0519992552519732,45,2611.09375,538.203125,723.1597221555555,739.1674742377016,1.1503679976630945,35,2611.09375,748.4375,925.4609374285714,719.3278353911192,1.02621792338951,0.0,4,1424.335937,1075.2148435,895.19531225,642.22161687811,-0.709351909319629,3,1424.335937,1300.9375,1191.5885413333333,302.6206045523486,-0.5771508408309581
CC10A,1,0.8371693004261364,80,3416.992187,106.5625,517.4272460625,726.0821164619213,1.9175943117369545,47,3416.992187,717.96875,867.8274600638298,775.2958239735128,1.4453467897668444,0.4444782021594784,11,1999.6875,18.710937,301.74715909090907,605.8601645825457,2.266604084386431,4,1999.6875,534.6484375,801.7578125,836.0802411717038,0.8728737485237006
CC21W,0,0.0,22,3005.664062,483.105469,804.0198864545455,803.2605597027489,1.4585801862596042,21,3005.664062,523.984375,841.9717262857143,802.6312973756313,1.441549704748803,0.35970149662356,6,2304.882813,400.839844,596.8554688333334,859.487905682966,1.5775427192110003,4,2304.882813,432.3242185,887.19726575,945.4892718559506,1.1520126578517385
CE10B,0,0.1209324131195335,30,2206.367188,489.453125,678.8333334666667,627.0879683243503,0.9865460890722234,28,2206.367188,554.9609375,725.1506697857143,623.6922341364499,0.9358590780169104,0.1596792526187725,6,1717.851563,482.8515625,594.5703125,592.6345497337107,1.2543393577148114,6,1717.851563,482.8515625,594.5703125,592.6345497337107,1.2543393577148114
CE10B,1,0.8012729359268708,27,2514.101562,630.117187,865.1591434444445,700.2162394243118,1.0871692397189296,27,2514.101562,630.117187,865.1591434444445,700.2162394243118,1.0871692397189296,0.0,5,1439.0625,462.03125,715.3281248,445.9359162823336,0.9633721798566977,5,1439.0625,462.03125,715.3281248,445.9359162823336,0.9633721798566977
CJ10Z,0,0.4188526642399267,25,3353.515625,504.179688,868.26093744,843.8401652688756,1.152365902824591,22,3353.515625,703.2421875,984.4779829545456,834.1904254188718,1.0923691466248329,0.3539180606566056,4,1917.421875,681.660156,894.9414059999999,742.0376746100542,0.6927573050310216,4,1917.421875,681.660156,894.9414059999999,742.0376746100542,0.6927573050310216
CK11R,0,0.096519453957382,98,1481.71875,93.8671875,261.61631058163266,357.956566786953,1.8460519754883395,57,1481.71875,326.953125,434.47574015789473,386.0876015450416,1.291001947764804,0.0,44,724.0625,22.519531,73.88938209090908,139.59558244756667,3.246011950950132,12,724.0625,142.617187,221.28580716666667,207.12983786415083,1.4397772935668212
CK11R,1,2.064482029598309e-07,103,2098.710938,72.539062,268.8455703592233,412.6179428530707,2.19397681481466,56,2098.710938,292.67578100000003,474.3094307678571,470.4570708949176,1.4718105850561165,0.0,8,895.703125,342.6953125,443.62304675,325.5855820538187,0.260237184556623,7,895.703125,409.726562,503.4542408571429,300.43706455352054,0.2228377377253054
CT29K,0,5.066147859922179e-07,24,3471.328125,259.16015600000003,631.5136718333333,873.0475841116522,1.976241279466597,17,3471.328125,534.648437,886.2040441176471,927.0074202925268,1.6563416319052928,0.4247298846977927,4,1075.46875,985.332031,895.1953122499999,244.09851946885712,-1.0464552363529895,4,1075.46875,985.332031,895.1953122499999,244.09851946885712,-1.0464552363529895
CT29K,1,0.3924967447916667,33,4070.039062,381.289062,778.906250030303,931.9430285103632,1.9832917484818835,31,4070.039062,387.890625,828.0002520322581,940.9134869451468,1.9342533718961228,0.3007386630593843,7,1946.367188,250.78125,508.38727685714287,649.2464876939888,1.8602186439389448,7,1946.367188,250.78125,508.38727685714287,649.2464876939888,1.8602186439389448
CU27R,0,0.27471035287226,77,2458.75,155.3125,338.2568993116883,511.34983860157047,2.524051294310136,53,2458.75,269.570312,482.7461674528302,560.1712398701717,2.102262331580284,0.1022680724305542,11,1818.90625,127.890625,322.6136361818182,525.6260882158659,2.320979865791601,7,1818.90625,334.0625,500.189732,599.3915412155028,1.7942935044152517
CU27R,1,9.863636363636365e-08,50,3120.9375,144.9023435,387.65703122,576.6005679179345,2.7383054747287727,30,3120.9375,417.8515625,627.6458332999999,642.3176557443134,2.2995096242405557,0.1053713797087563,6,1524.882812,468.6328125,593.4700518333333,516.4991284074854,0.9293708448521096,5,1524.882812,563.59375,711.0624998000001,479.326932704773,1.1558507907854836
DC28D,0,0.5940947156534955,34,3404.804688,342.1874995,573.5558362941176,742.5155250714162,2.21943990776583,23,3404.804688,611.328125,836.3111412173913,777.0004271150315,2.029245015043759,0.1626415000991361,9,1344.609375,281.757813,394.4921874444444,442.3785795199137,1.1375855605199985,6,1344.609375,466.6015625,582.2981771666667,431.29582194958255,0.925011865695416
DC28D,1,2.8304347826086955e-06,1,2760.898438,2760.898438,2760.898438,,0.0,1,2760.898438,2760.898438,2760.898438,,0.0,0.0,1,2760.898438,2760.898438,2760.898438,,0.0,1,2760.898438,2760.898438,2760.898438,,0.0
DI21I,0,1.1625e-07,72,2165.742187,257.636719,460.7123480694445,545.1051690070005,1.5685179600960824,54,2165.742187,426.484375,608.1401909444445,556.2482929055427,1.333188432654878,0.0,17,710.351562,114.179688,202.2403492352941,253.4909041648697,1.0431180790418713,9,710.351562,277.1875,369.8914928888889,247.5636863346567,0.2495760194847923
DI21I,1,0.1253792078575312,91,2119.53125,284.296875,398.45982146153847,427.3596046297372,1.7105424089671322,74,2119.53125,333.808594,483.5583826486486,431.0267691008496,1.60400487617258,0.0,9,1285.703125,382.304687,395.11284722222223,365.2177101047622,1.7153586103877976,9,1285.703125,382.304687,395.11284722222223,365.2177101047622,1.7153586103877976
DK11R,0,0.0524225740384615,72,2812.1875,364.277344,511.6346571388888,551.3887251110356,2.2300508252798035,60,2812.1875,477.011719,607.4433594,556.5809766542488,2.218292750947977,0.4732543218893632,8,1118.632813,274.3945315,440.703125125,429.64050126662033,0.4894257458046978,6,1118.632813,579.5898440000001,578.5742190000001,408.77508945544446,0.1120759792973529
DK11R,1,0.9049259132538104,70,2870.078125,191.8750005,422.1316964142857,585.9278425297815,2.1200856674357214,47,2870.078125,406.679688,618.6968085106383,628.2506392374952,1.741205351402067,0.2027023729420483,6,2870.078125,222.8515625,596.6015625,1119.2465825710824,1.7492958186641412,4,2870.078125,237.0703125,891.38671875,1319.1892031497484,1.1543777531508872
DL16R,0,0.5838186146732026,109,4104.0625,51.71875,270.99125573394497,548.9880103546544,4.349157031197483,53,4104.0625,358.945313,541.1637676981132,693.524758300615,3.316770638838276,0.355610773581893,32,851.523438,12.109375,100.45288090625,208.0759327070078,2.5643666008635715,8,851.523438,268.808594,357.231445375,301.4231494893204,0.5311493486502059
EA09H,0,0.1504353271643338,79,2985.351562,303.59375,480.71103639240505,599.5745747557727,2.3779300947228266,62,2985.351562,445.5273435,609.5180191129034,617.4970741940065,2.271950720687799,0.1699765894420479,13,810.898438,134.492188,267.46093746153844,276.58692399566564,0.877766241819929,10,810.898438,252.3046875,344.5234375,270.92844675469473,0.634335602131419
EA09H,1,0.1658309230382293,66,2311.992187,252.3046875,445.6812263787879,516.7759873994463,1.522079536209661,48,2311.992187,424.960938,606.7366537083334,521.6391861525585,1.303040018426571,0.2787333950306488,11,1753.90625,155.3125,318.7357955454545,485.2037662132415,2.658603645112562,11,1753.90625,155.3125,318.7357955454545,485.2037662132415,2.658603645112562
EE08O,0,0.9010884129521964,78,3063.046875,51.972656,389.0104166153846,651.0398045371986,2.3944686561031934,38,3063.046875,559.7851565000001,781.7793996578947,756.9325288828849,1.6012384174390235,0.1490997969331992,5,3063.046875,37.5,716.2421878,1325.4516484917428,1.4279875640468398,2,3063.046875,1759.746094,1759.746094,1843.145640341647,-2.1539525135643994e-16
EE08O,1,0.0796237234094616,74,3432.734375,233.515625,488.1149704594594,657.0373110392301,2.360043368296888,54,3432.734375,447.5585935,663.1720197037037,692.1006469134419,2.127324454328379,0.1629236189200173,6,3013.28125,67.96875,578.3203125,1198.688969883888,1.7511768458877446,3,3013.28125,309.179687,1148.7630206666663,1617.3774979951932,0.6966737084097543
EG25R,0,0.5896315507612833,64,3132.617188,214.9804685,565.7995605625,769.296515617888,1.662107017180729,38,3132.617188,721.523438,938.8939144473684,809.6950781730748,1.1558651760346776,0.2508036317634077,14,2696.914063,18.9648435,243.9620535,714.1427389427625,3.2073840194237726,3,2696.914063,417.34375,1071.4062503333334,1416.647344655167,0.6673878581015745
EM16N,0,0.2944079606275304,105,3847.109375,86.25,276.4040178952381,542.8850881033314,3.980541096619669,65,3847.109375,198.476562,434.3671875692308,642.0737986439673,3.2031259377325605,0.3719736653674562,15,2127.148437,46.640625,234.0911458,534.9843288057642,3.236087801292289,7,2127.148437,199.492187,476.46763385714286,734.1220729007562,1.9695338034562644
EM16N,1,0.042036644799659,54,2617.1875,183.4960935,428.2993344444444,581.9894645311063,1.9149267160560963,38,2617.1875,286.5820315,594.423314131579,623.9836734497796,1.5170795991076875,0.2606777904942505,8,1397.421875,276.93359350000003,446.035156125,494.5041220162367,0.9279255900636127,6,1397.421875,479.550781,589.1536458333334,493.94352206337294,0.639904325417264
EM16N,2,0.0898441076923076,5,4378.789062,398.046875,1088.7734372,1847.9771119223965,1.4641519869439092,4,4378.789062,432.3242185,1359.082031,2016.4938967684725,1.1430777273891324,0.0,3,3008.710938,398.046875,1199.7135420000002,1570.008952410995,0.6934806577871611,3,3008.710938,398.046875,1199.7135420000002,1570.008952410995,0.6934806577871611
FA12L,0,0.3527787092807424,68,2632.929687,172.0703125,374.7696461470589,499.3958094198642,2.2143411731365963,50,2632.929687,271.855469,500.53359378,529.1247183237501,1.9255740478791168,0.1015627755172404,7,1646.757812,358.945312,508.9676337142857,605.2811057533397,1.033618158866192,5,1646.757812,438.164063,702.3281248000001,621.1952646007019,0.6624918535438179
FA12L,1,0.8390647579479769,81,2094.140625,83.710938,251.16367675308643,366.1892109548811,2.565609018580766,49,2094.140625,276.171875,396.95870540816327,410.3214818652301,2.0390188074323103,0.0716581805038307,19,2094.140625,79.140625,183.26891452631585,468.8888695755522,3.838746053335621,10,2094.140625,125.605469,332.08203130000004,622.6173096148511,2.6125435406012087
FA12L,2,0.3220079294117647,98,2283.554687,101.9921875,191.9371811428572,340.46661475173505,4.38417628373453,61,2283.554687,158.867188,291.5893955081968,400.6584525674165,3.6386035061380286,0.3272578322222193,25,445.273437,103.515625,136.92968744,110.16927517672892,1.0638506591908907,19,445.273437,137.539063,171.85649663157892,103.58217631786552,1.0804991032701814
FA23L,0,0.7271133717503218,28,2762.929687,311.71875,548.9397321785715,759.2941515937677,1.714320707502528,21,2762.929687,361.484375,726.3355655238096,803.8084903785758,1.3770829141889505,0.0,7,2121.054687,358.945313,509.83816971428575,731.5988277155991,1.799059738969959,5,2121.054687,361.992188,706.1875,796.3203066105082,1.449237709952809
FA23L,1,0.3430482278138528,27,3852.695312,469.140625,679.1681134444444,864.4745458092456,2.2886470184789003,24,3852.695312,483.8671875,761.2597656666667,883.9973603970584,2.194697108412744,0.0,8,1567.539063,298.007812,445.654296875,516.564869171144,1.4321408253989238,7,1567.539063,299.023437,502.0758928571428,530.6606958649073,1.2853371066438397
FK22R,0,0.0233911580108621,63,2792.890625,197.96875,460.6125991904762,586.8258426953794,1.7536426050472878,47,2792.890625,363.007813,610.0423869361701,611.7160710339074,1.4671633521998515,0.5849733750736132,7,1025.703125,457.460938,512.7399555714286,426.7090178929167,0.0165912222792321,5,1025.703125,711.367188,715.2265628000001,306.17274366326444,-0.0261287127619877
FK22R,1,0.0991322317379497,53,2328.242187,317.304687,545.8778005660376,564.0347197885584,1.0758576294051114,41,2328.242187,666.171875,700.2076980243902,552.890027234912,0.882792727479951,0.4928615800794975,3,1825.507812,1179.570312,1190.5729163333333,629.5057121288974,0.0320996293415848,3,1825.507812,1179.570312,1190.5729163333333,629.5057121288974,0.0320996293415848
FK22R,2,0.0132542814465408,75,3521.601563,189.84375,458.3479166400001,673.6715961611017,2.552948437999915,57,3521.601563,369.101562,596.0759319473685,720.550143474055,2.2493587985668952,0.4676119456196247,13,973.90625,142.109375,268.24218738461536,307.16252243238915,1.2338515662275236,11,973.90625,163.945313,315.78124990909095,311.5432791838918,1.0697059310934371
HE12B,0,0.9296713491666668,97,2056.5625,142.109375,316.8963433814433,438.9752915655552,2.0376820399919744,65,2056.5625,268.046875,462.28906249230766,473.1613489259275,1.6115657802727283,0.3901703292787321,10,2056.5625,27.597656,353.0546874,655.8939747862654,1.9943747736961157,4,2056.5625,634.6875,856.34765625,852.9672511219543,0.7605999956908877
HE12B,1,0.4998267333627278,76,2898.515625,191.6210935,442.66755757894737,587.4784955329775,2.187065051850088,60,2898.515625,302.0703125,554.6139323166666,614.9100254868938,1.9592346801276876,0.7493075882605297,9,830.195312,291.914063,395.7899304444444,351.74751026751585,0.1941463039077992,8,830.195312,446.2890625,444.511718625,342.0309045147785,0.0088757346621293
HE12B,2,0.2626538887491265,47,2042.34375,467.617187,600.750498680851,513.8908176815943,0.9206327217877696,40,2042.34375,665.9179684999999,701.871093775,490.94585917411865,0.9098124179766416,0.5470283936886924,7,880.46875,651.953125,504.5424107142857,347.50465806889633,-0.6733556818911268,5,880.46875,679.375,699.3828126000001,122.5068582057724,0.3596218345029016
IM09E,0,0.3740765739583333,27,2059.609375,460.507812,599.6484374814814,548.5674578628177,1.197312693131027,24,2059.609375,477.773438,672.9638672083333,538.2301916241962,1.18879278353326,0.3520842884597669,5,1625.429687,460.507813,716.0390623999999,561.8023805562399,0.9317535278567124,5,1625.429687,460.507813,716.0390623999999,561.8023805562399,0.9317535278567124
IM09E,1,0.037283465684469,68,3413.4375,311.2109375,461.7698760147059,616.382217726919,2.6281035381830837,50,3413.4375,510.78125,621.72812508,648.6744758474867,2.448345542128335,0.5422323737337116,7,1299.414062,377.734375,500.3348212857143,444.2273836887531,0.6720944034583474,6,1299.414062,520.1757815000001,580.9440103333333,426.8766738624416,0.6110304765784652
IM09E,2,0.0484073789313904,92,2169.804688,100.9765625,346.1009680326087,496.956627982816,1.83032653798078,54,2169.804688,391.445313,579.1290509074074,538.5075534019505,1.2546608851937957,0.1110137558778722,7,2153.046875,265.507812,509.330357,746.1620822958378,1.817722245785516,6,2153.046875,270.585937,588.3072914999999,784.6754945389381,1.6183395873045066
IM09E,3,0.0822907401328273,95,2859.921875,112.65625,320.97162826315787,494.1552389226397,2.678392257999481,53,2859.921875,360.46875,558.8797169056603,557.4957014595656,2.1416973738191944,0.1797096888514198,7,1576.171875,359.960938,508.6049108571429,541.405348463445,1.0846797277154177,5,1576.171875,627.578125,710.0468752,512.0030201567514,1.118453977114328
JA24N,0,0.7839212503378379,77,2934.570313,180.195312,455.3967126883117,631.5456365790911,2.2600039970511867,55,2934.570313,415.3125,625.8238636727273,676.5201806563077,1.91853051617835,0.0,3,1784.375,1700.585937,1194.8046873333333,949.5269535927667,-0.7009174314108321,3,1784.375,1700.585937,1194.8046873333333,949.5269535927667,-0.7009174314108321
JA24N,1,0.0082174479090909,77,2658.828125,263.984375,422.3757102207792,530.1175481226222,2.205224404100419,62,2658.828125,325.9375,518.5786290161291,549.3488097117905,2.0321413095527605,0.5549277206733667,7,1602.070312,160.898437,510.3459821428572,660.8964876563291,0.955608424190872,6,1602.070312,213.2031245,590.7617186666666,685.4347519335199,0.7312509104227499
JA24N,2,0.0,2,2110.390625,1499.7460935,1499.7460935,863.5817782362647,2.6176687441665904e-16,2,2110.390625,1499.7460935,1499.7460935,863.5817782362647,2.6176687441665904e-16,0.0,2,2110.390625,1499.7460935,1499.7460935,863.5817782362647,2.6176687441665904e-16,2,2110.390625,1499.7460935,1499.7460935,863.5817782362647,2.6176687441665904e-16
JE03S,0,0.1188267737596086,79,2594.335938,101.484375,351.41168903797467,531.6963546456386,2.3385728528722,45,2594.335938,401.09375,604.3654513777777,590.7238959798146,1.8002989328373804,0.0,14,784.492188,194.921875,250.3822545714286,252.48211381939424,0.9245748328981204,10,784.492188,274.90234350000003,344.7265626,239.67769746457097,0.7170668357471692
JE03S,1,0.2255084403976311,44,2946.25,312.9882815,532.882635,660.7269016830086,2.293182288119531,38,2946.25,438.164063,612.6377467631579,677.7868242182669,2.1822077762510754,0.4522364698726013,6,1120.15625,561.816406,596.3476561666666,447.3435288680056,0.0044319777272832,5,1120.15625,839.84375,705.4765623999999,401.0322988332394,-0.229008878964766
JE15A,0,0.2457098405921681,40,2905.625,343.96484350000003,518.06835935,592.9879482566649,2.04686839104701,33,2905.625,435.117187,619.9763257272728,606.0288565100215,1.9373597374746747,0.6501428225818904,8,1259.296875,400.078125,446.7333985,427.002069940119,0.8102418586194561,6,1259.296875,452.890625,592.2005208333334,392.0298905686706,0.8199490040968118
JE15A,1,0.4503218342168674,65,2327.734375,108.085938,376.6718749846154,548.1878400901264,1.9189616188229968,39,2327.734375,354.375,611.6276041025641,603.6052581090463,1.3279969887393892,0.1056534982811289,9,779.921875,354.882812,394.7743054444444,241.50076587915092,0.0489883290384705,8,779.921875,420.1367185,438.989257625,215.7457814936224,0.0844115943408276
JE15A,2,0.4981964625810635,194,2496.835937,25.3124995,149.71085692783504,381.5889995934792,4.196476772530208,60,2496.835937,178.671875,439.42513018333335,593.5525388284007,2.0976075473226845,0.0,5,1671.132812,549.375,713.3984371999999,658.1284283769693,0.5236180767158095,5,1671.132812,549.375,713.3984371999999,658.1284283769693,0.5236180767158095
JG04G,0,0.0252640412919343,34,2562.851563,697.148438,821.891084617647,692.1265502847076,0.9102977937618184,31,2562.851563,724.570313,900.2079133870968,674.6181650673283,0.902754006021382,0.0,4,981.015625,878.4375,899.2578125,56.38167286323432,0.9457574937181964,4,981.015625,878.4375,899.2578125,56.38167286323432,0.9457574937181964
JG04G,1,0.9019476121303764,73,2918.828125,211.171875,399.20162669863015,602.7319280047564,2.579264741424656,51,2918.828125,282.773438,565.4856005098039,655.3532785673253,2.203151658233767,0.1891606692619711,2,2918.828125,1728.769531,1728.769531,1682.9970036534569,0.0,2,2918.828125,1728.769531,1728.769531,1682.9970036534569,0.0
JK12R,0,0.1426989012661955,113,4443.28125,120.78125,295.5406526460177,630.1099595937172,4.508767931179235,71,4443.28125,235.039063,455.6943221549296,751.7188216676196,3.635015445364054,0.3402352979827556,17,510.273438,235.039063,208.12500011764703,157.79829142774992,0.1415911617951728,12,510.273438,271.855469,287.34375008333336,113.26423268002644,0.2730713307116817
JK12R,1,0.2460614528720626,71,4071.054688,179.179688,318.3060079577465,547.0268889548071,4.91036017059372,52,4071.054688,238.59375,428.0859375384616,603.9274319411938,4.511466787339431,0.6371653570991326,18,957.65625,102.7539065,190.43619783333332,252.2633440189116,1.8412896998172557,11,957.65625,243.164062,303.6860794545455,268.0150301181641,1.460778813083787
JK12R,2,0.0575205222872755,105,3089.453125,81.171875,237.7280505904762,427.7462295713905,4.004382150892668,59,3089.453125,251.796875,406.66247347457625,511.466842842041,3.241298007810056,0.6476037531939594,24,614.375,41.5625,144.07714854166667,192.05807640199404,1.3823273485744647,11,614.375,284.296875,292.88352272727275,199.12991030139696,0.4513187129207115
JK25L,0,0.6399584640829694,56,1550.273438,324.414063,483.7493025178572,460.3086871539135,0.7535415130029549,44,1550.273438,548.8671875,607.6926492045454,444.4929900315466,0.5074817482646736,0.5473105125095736,9,1395.390625,201.523438,390.5989581111111,484.8482618166559,1.2674045440325852,7,1395.390625,254.335937,496.05468728571424,504.9579338343663,0.9764165527294478
JK25L,1,0.1388498875632682,49,2671.015625,204.570313,556.0491071632653,712.6678811289502,1.642592772690125,35,2671.015625,534.648438,768.4162947142858,744.5997972350492,1.3012605667457058,0.2901592073346277,10,885.039062,278.7109375,353.6132812,339.2470661237804,0.2845066592137055,6,885.039062,654.4921875,573.4960936666666,249.06031485186745,-0.4199215686932613
JM07ß,0,0.5256968744271988,73,2589.257812,131.953125,361.8739298082192,562.8254095995878,2.4268865796614487,47,2589.257812,295.976563,553.2538231702127,625.011227371373,1.923716302700325,0.8122200853170426,15,569.179687,215.742187,234.9036458,181.4648995911135,0.2148020115007782,11,569.179687,307.65625,314.1654829090909,141.61648215423253,0.2381266378823801
JM07ß,1,0.9206181541062802,80,2958.4375,263.984375,458.5019530625,599.1990292864734,2.158186953777676,59,2958.4375,345.742188,614.8828123898304,627.8369349255838,1.917303459113428,0.1781580352476034,3,2958.4375,620.46875,1194.9739583333333,1557.8000217602462,0.5853678453653386,2,2958.4375,1789.453125,1789.453125,1653.193557327236,0.0
JM07ß,2,0.8008926477485929,79,2270.351562,253.828125,398.117583164557,498.9330634635604,2.380412620287584,65,2270.351562,308.671875,478.8359376,515.7296342348217,2.2384944797516586,0.0,14,725.585937,198.9843745,251.143973,197.93600943975625,1.1012477783329977,12,725.585937,215.488281,285.90494775,192.4945937050179,1.095052487259573
JM22C,0,2.86784140969163e-07,21,3009.21875,88.28125,639.6447172857143,991.5408036443104,1.5236483024307903,12,3009.21875,855.078125,1106.48763025,1110.290248511786,0.7595912475701683,0.1534726385593856,7,2906.640625,32.421875,508.4598214285714,1072.4933019681832,1.9320601606383083,3,2906.640625,506.71875,1158.5807293333337,1530.0796238614628,0.6406129682567073
JM22C,1,0.2614488851095994,80,2086.523437,140.332031,323.62060543750005,451.03329349660186,2.050298927030285,54,2086.523437,246.2109375,471.94299764814815,483.9327071700064,1.652357779237192,0.0,8,1914.375,210.664062,443.876952875,625.9368731711422,1.872631253629807,7,1914.375,219.804687,505.1227675714285,649.6819727846882,1.7192872111664574
JM22C,2,0.6910627157771536,135,2754.296875,21.25,153.4241898,421.5910863358032,3.9886153204124586,30,2754.296875,373.671875,627.0872395,722.6786015918838,1.4364679339939286,0.6381527728333276,8,1302.460937,291.40625,445.463867125,501.3762441720824,0.8224215018404288,5,1302.460937,509.257813,699.6875,473.7268743100237,0.3692734315173514
JS26S,0,0.0718240655555555,56,4529.101562,175.371094,539.9804687857143,969.4482682561448,2.5055406119583044,36,4529.101562,375.703125,831.4366320277777,1110.0217234251368,1.879725398685077,0.2883254349406104,11,2485.15625,11.09375,323.25994318181824,742.1530917286138,2.532552415510785,3,2485.15625,505.195312,1154.6874996666668,1152.3272704303415,0.7065129784105111
JS26S,1,0.2478844275641025,29,3707.96875,258.398437,639.5905170344827,1025.8366470839228,1.9263666831883872,17,3707.96875,460.0,1079.471507117647,1159.5807104990215,1.25133037368953,0.0648873288026814,10,3235.703125,15.15625,355.9492187,1013.7547946919224,2.6484338659491207,2,3235.703125,1723.4375,1723.4375,2138.6665567856253,0.0
JU01F,0,0.3064215078928047,69,2186.054687,137.539062,390.6872735507246,532.7537535731921,1.862272536363149,43,2186.054687,438.164062,613.8199490930233,569.3281612864455,1.4008508485647684,0.4144325478745174,11,1162.8125,172.578125,321.96732954545456,351.44527449908,1.2671899492619751,8,1162.8125,405.6640625,430.22949225,356.80891497171336,0.9991056961458946
JU01F,1,0.8771476573710966,55,2807.617188,156.328125,494.7990056545455,664.0765315986433,1.8065370567888543,40,2807.617188,432.832031,672.874999925,700.894175022101,1.4675589109400409,0.0599502492983707,11,2807.617188,13.632812,318.5973011818182,842.5972727001528,2.6615625313351163,2,2807.617188,1691.699219,1691.699219,1578.146326255639,0.0
KA17A,0,0.7826594276785714,61,3071.679688,267.539063,490.7601178688525,595.1022489037547,2.279128675089305,50,3071.679688,354.375,594.3164063,610.667982363787,2.172747938953856,0.4628159255167579,12,528.046875,253.3203125,295.55338541666663,147.90811584740854,0.3696003682841874,12,528.046875,253.3203125,295.55338541666663,147.90811584740854,0.3696003682841874
KA17A,1,0.7619849224296005,57,3260.585937,311.71875,531.708470368421,695.9778319134807,2.022605505237584,40,3260.585937,447.5585935,746.4189453500001,732.7272178488738,1.7269889802671117,0.2386725224655151,9,1296.875,193.90625,396.3541666666667,458.4325683715813,0.912001038099719,5,1296.875,708.828125,684.3515623999999,432.3271791281396,0.2925069645349284
KA19E,0,0.3504467995136187,77,2515.625,212.695312,391.333198025974,498.0298213064381,2.2585164397397053,55,2515.625,364.023438,537.0490056909091,522.7666764710456,2.029466633871941,0.0520509223136964,11,802.265625,179.179688,318.8742898181818,268.3775806092981,0.8197198207163736,10,802.265625,215.4882815,346.09765630000004,266.40465725213147,0.7364586830071603
KA19E,1,0.0242148223034734,71,3668.867188,299.023437,451.32427381690144,617.3770243410718,3.024952568974568,53,3668.867188,367.070313,598.0962559433963,653.0211423602882,2.858475838639412,0.1799918077222206,8,893.164062,339.6484375,437.2753905,275.3250741446216,0.5245734652417061,8,893.164062,339.6484375,437.2753905,275.3250741446216,0.5245734652417061
KB16K,0,0.8762193030167265,92,3373.320313,153.28125,358.4761379347827,533.5925567930174,3.028856782685729,65,3373.320313,258.90625,495.9531250307692,582.5389789104745,2.6687445721484613,0.0,3,2828.4375,608.789062,1197.0052083333333,1431.0607050338797,0.6275423127489648,3,2828.4375,608.789062,1197.0052083333333,1431.0607050338797,0.6275423127489648
KB16K,1,0.7066284626678877,122,3100.625,79.6484375,263.25179302459014,450.5210971997446,3.3017148523613864,73,3100.625,186.289063,423.22880989041096,525.6682075848577,2.619366267796904,0.1945209268587143,16,836.289063,114.4335935,220.090332125,236.0287130278195,1.1911693201301854,10,836.289063,307.1484375,336.1445312,229.4914818766273,0.8881112437035121
KB16K,2,0.7749172189890711,86,2905.117187,125.351562,333.3716388139535,521.7065971780911,2.6962998613653677,51,2905.117187,366.5625,548.2199754901961,588.9433628160725,2.150761626538867,0.0294814166431985,18,1465.976563,49.6875,191.39539916666664,346.8187916717744,2.9597052712048018,8,1465.976563,292.9296875,403.188476375,446.6194907277484,1.9313067958862988
KD16N,0,1.459641255605381e-07,61,3337.773437,185.273438,431.9287910163935,686.5761662202401,2.800159663190112,43,3337.773437,359.453125,605.0454215116279,754.5435157606997,2.3869659659695195,0.0818144580555548,10,886.054687,275.41015600000003,355.1874998,265.26637478239087,0.8148580611729612,9,886.054687,280.742187,388.9626734444444,257.543111533684,0.8059382077734778
KD16N,1,0.8955952084115072,111,3339.804688,59.335937,280.3258727567568,541.6085670683749,3.129317760149712,54,3339.804688,302.324219,555.3841145925926,677.1057365041204,2.103401885290648,0.0722224181255313,2,3339.804688,1799.6093755000002,1799.6093755000002,2178.165099640968,-2.6101934456935296e-16,2,3339.804688,1799.6093755000002,1799.6093755000002,2178.165099640968,-2.6101934456935296e-16
KE17E,0,0.1380083062734082,25,3812.070312,540.742188,847.3796876,899.0210882220883,1.6907335893876114,22,3812.070312,686.9921875,960.2876421363636,901.3133479226316,1.649773179810486,0.0,4,1062.773437,897.4804684999999,887.95898425,160.45823672476473,-0.1571238217846582,4,1062.773437,897.4804684999999,887.95898425,160.45823672476473,-0.1571238217846582
KE17E,1,0.0876120531675547,68,4134.023437,173.3398435,490.5135569558822,803.972362937458,2.6438223007677464,44,4134.023437,331.523438,750.2725497045453,900.8025833697772,2.124323370309542,0.691332170430549,12,966.289063,177.9101565,294.1992188333333,321.33356416166873,0.9726175194736868,9,966.289063,275.664063,389.2447917777778,318.2979930570929,0.7016229696492884
KL24U,0,0.4834435473778735,60,2643.59375,233.515625,458.15494793333335,537.1989692614407,1.639370955570038,42,2643.59375,502.6562505,645.883556547619,542.9915691561647,1.4342182899555724,0.0320204860311296,7,1333.4375,41.054688,508.02455357142856,616.0866455969001,0.4589735560220613,3,1333.4375,1266.40625,1145.0390626666667,270.3504277562517,-0.6585177876995495
KS28N,0,0.628326150634058,74,3560.195313,140.585937,438.994404554054,722.9620332947178,2.5422950709826604,48,3560.195313,325.683594,664.17236325,815.0279544125882,1.9814477911672903,0.1129885876240407,9,1552.8125,165.46875,395.9027776666666,514.0338006549603,1.5216106645088032,7,1552.8125,287.34375,497.2154017142857,546.2274885944498,1.2116810366537674
KS28N,1,0.6040539429867987,101,2539.492187,23.28125,233.24914912871287,546.8238209138641,3.2523285840805034,35,2539.492187,307.65625,637.2120536285714,788.6753916847867,1.5593863839400923,0.1213110929452285,6,2038.789063,349.296875,593.5546876666667,736.0810416699044,1.5033957182313913,5,2038.789063,409.726563,701.3125002,768.2324053745369,1.3092169971910963
KU08D,0,0.1895216478691019,94,2544.570312,25.820313,271.9581117234043,514.5028830020863,2.6224513436472408,38,2544.570312,430.0390625,650.0822369210526,647.0284134978543,1.452625968611631,0.0,11,1510.15625,17.1875,324.6910512727273,491.1879171940074,1.390158153874195,4,1510.15625,681.914063,867.6464847500001,431.5004806008576,1.1051046490016718
KU08D,1,0.0652119017782426,79,3132.617188,39.53125,352.3501779493671,549.2662917738488,2.390257081139041,37,3132.617188,547.851562,733.3678208918918,610.5704669997547,1.8444007189806104,0.2570102458227946,21,1395.898437,17.1875,157.02938985714283,322.8460642497344,2.9586970830972223,6,1395.898437,365.292969,506.97265633333336,458.8690802188832,1.4131453988596567
LA09L,0,0.1020080397045244,25,5496.484375,424.960937,861.61874992,1245.0966147741765,2.328450602111467,19,5496.484375,761.640625,1128.0941610526315,1324.6256180020864,2.055189552020599,0.0,3,2393.242188,762.148437,1193.450521,1052.639010070617,0.6263598183916133,3,2393.242188,762.148437,1193.450521,1052.639010070617,0.6263598183916133
LA09L,1,0.118914515086741,45,3501.289062,579.84375,711.5703124444444,761.6897840606565,1.7353786103212987,37,3501.289062,692.070312,859.2092482702702,763.5731225521547,1.6762554826217224,0.7264559637691506,8,984.570312,429.277344,446.54296875,384.4320305187904,0.1653646905458058,6,984.570312,652.7148440000001,579.9283855,348.5567316417972,-0.3496424230213147
LA09L,2,0.3977474409160893,40,2806.09375,399.3164065,644.729492175,710.948014155512,1.4884222068055823,33,2806.09375,608.28125,776.0286458484849,717.1981787264489,1.3507324473335005,0.1938156298915627,7,1233.398438,625.546875,510.5636162857143,431.15193820759896,0.3610045220387197,5,1233.398438,641.289063,701.8203128,344.6433689946669,0.4909708804471355
LA23T,0,0.106275989687292,56,5215.664062,157.34375,529.1985211964286,959.3407880366008,3.0858881429157936,33,5215.664062,504.179687,884.0234374545454,1124.9703733432443,2.384274312064488,0.6305355646695346,10,1296.875,230.214844,353.3085938,412.69370922121686,1.22054933716937,7,1296.875,389.921875,497.2879464285714,418.0437041901591,0.9191408929092976
LA23T,1,0.0031360147763074,67,3509.414063,238.59375,466.412080238806,663.9865199318365,2.4034640530426787,43,3509.414063,503.671875,716.3626453953489,717.0007649990043,2.051644171349733,0.0,7,952.070312,539.21875,509.330357,298.3802753879544,-0.0076736872803934,6,952.070312,551.9140625,584.4986976666667,243.66903620410488,0.319718518258516
LA26R,0,0.4333336017869416,128,1898.632813,91.582031,221.20117184375,316.67857573644574,3.062504124971181,88,1898.632813,187.8125005,308.769975125,348.4735580125787,2.666838345637464,0.8165929269018123,15,660.078125,86.757812,233.6848956,248.4227046599908,0.7202197375356532,11,660.078125,270.585937,313.2421872727273,245.47595350224412,0.2983956457168196
LA26R,1,0.2973525080555556,96,2528.828125,124.3359375,256.02864582291664,424.1901949234432,3.65518435010388,71,2528.828125,184.765625,337.88897447887325,466.9211523836123,3.2361982855576583,0.0,11,1078.007813,291.40625,321.55184672727273,271.9958919142617,2.090647398421946,11,1078.007813,291.40625,321.55184672727273,271.9958919142617,2.090647398421946
LA26R,2,0.2649148452965235,63,4805.859375,11.601563,134.1858879047619,616.8578047239653,7.093631827943494,9,4805.859375,464.0625,849.5486109999999,1508.761710389757,2.3210955053026736,0.0,20,1216.132812,23.027344,165.64648445000003,313.0213549953623,2.2833040714580752,6,1216.132812,482.597656,509.2578125,411.93942771602696,0.702241509434704
LB21E,0,1.8924418604651162e-07,67,3617.070313,175.625,455.2250467014925,675.702379674852,2.957969664796621,51,3617.070313,323.90625,590.1393995490196,724.4809509326088,2.6722398343837748,0.1467017868582362,10,881.484375,322.8906245,354.62890600000003,314.29069994427385,0.5514851514312163,7,881.484375,416.328125,490.4687498571428,276.26244640956526,0.3248915597023764
LB21E,1,0.3870428719008264,106,2899.023437,81.9335935,336.0075177641509,575.2751325393817,2.7828412514868224,58,2899.023437,341.4257815,592.7404365344827,679.1774292798092,2.0098000418720607,0.0134006438529688,16,1296.875,41.816406,218.56689425,365.3949058827809,1.9888177384455117,7,1296.875,318.320312,478.2812497142856,439.9702270356478,0.9657253469726238
LC05H,0,2.381707317073171e-07,67,2731.445313,145.15625,361.5829057910448,531.4716425629681,2.5895412899382237,43,2731.445313,368.085938,551.1700581627907,583.9502186507483,2.174428119090844,0.4272689540857238,18,645.351563,113.9257815,194.639757,197.52360580516435,0.8290144056173192,11,645.351563,368.085937,303.08593754545456,181.29290314909343,0.3554638956889355
LI20Z,0,0.6874855323931623,74,4706.328125,154.804687,469.0308277297298,836.205384386915,3.197963267082556,51,4706.328125,267.03125,667.7650123333335,944.013969713804,2.6551654978067254,0.410200765561299,10,1307.539063,246.71875,354.7304687,353.8256088386796,2.164360741767449,9,1307.539063,267.03125,387.890625,358.42876145493017,2.138095103419859
LI20Z,1,0.5845314492913832,77,3351.484375,173.59375,452.521306844156,684.1591900851575,2.6155242899741507,60,3351.484375,360.9765625,573.9023437833334,731.4475473898777,2.314046589945304,0.6713017341479821,10,1183.125,175.625,354.4765624,379.2742441373353,1.377568019981105,10,1183.125,175.625,354.4765624,379.2742441373353,1.377568019981105
LL31H,0,0.275903260594947,70,3501.289063,44.609375,342.41238845714287,716.3795229513086,3.117401877935896,33,3501.289063,373.671875,705.4580966363636,921.5430613081138,1.9706618873333257,0.0929581515934306,15,1076.992187,146.171875,234.86979173333336,286.86665830800246,1.735143109208537,9,1076.992187,373.671875,380.9505208888889,289.5924055760486,1.6144572556244725
LL31H,1,0.4647955944444444,64,2227.695312,104.53125,331.8408203125,538.0044483878036,2.270082378818243,37,2227.695312,278.203125,558.7901182432432,617.1652605758278,1.5747824220562443,0.7841492625004716,6,776.875,670.742188,591.608073,230.88183661575,-1.5494246814635328,6,776.875,670.742188,591.608073,230.88183661575,-1.5494246814635328
LM18T,0,0.5890458694059406,89,2913.75,48.164062,334.2679072696629,557.4372779326651,2.3591644535789333,43,2913.75,428.515625,673.0450580930233,650.7984013670134,1.527380918017097,0.5389880071546883,12,1449.726563,89.296875,296.611328,428.1321889772473,1.7612980656972066,7,1449.726563,500.117188,497.1428571428572,472.6753766859135,1.1992917030311925
LP25R,0,0.3726097176491228,60,3115.859375,210.9179685,468.93749995,664.7426894481813,2.412963435780235,43,3115.859375,483.359375,644.9382267441861,713.2187307884083,2.089065135658834,0.0,7,1262.851563,482.851563,506.7187502857144,426.6861102634785,0.5883502916567247,6,1262.851563,587.460938,583.3138023333335,411.3296819407056,0.4843828605331452
LP25R,1,0.189979934057971,40,3591.679688,331.5234375,614.400390625,814.5048584540851,1.8792991788916076,28,3591.679688,465.3320315,869.8772321428571,855.8969717611094,1.565593264132655,0.3333233870100549,8,2399.84375,122.5585935,447.304687625,815.0850060769366,2.012393298525405,5,2399.84375,236.054688,702.53125,972.2831603656092,1.3346415728189696
LS13L,0,0.2466076398700306,68,2717.226563,76.6015625,378.81721045588233,622.4131880596044,2.2139935381511413,37,2717.226563,470.15625,677.9201857567567,720.47454458379,1.4430361782934968,0.0,5,2437.929687,480.3125,714.1093748,997.3777887573386,1.257905159859619,3,2437.929687,594.0625,1170.768229,1098.866864595304,0.6985921695030914
LS13L,1,0.8092116866595895,58,3121.445313,178.925781,479.44571662068967,713.08380893831,2.217183042476016,35,3121.445313,476.757813,782.1562500857143,783.8485174515423,1.718934759037244,0.0,14,1328.867188,14.6484375,242.83761157142857,426.0765278806759,1.618721312264777,5,1328.867188,791.601562,656.8281249999999,506.4799783740029,0.1064622800627298
LS13L,2,0.6615055101449275,32,596.601563,18.4570315,115.27465825,175.10629133180856,1.6688876012116676,12,596.601563,247.4804685,284.5084635,190.2662505042716,0.4780767692119614,0.6105051283869677,27,596.601563,19.726563,122.6620371851852,183.9668316313086,1.5848703087095044,11,596.601563,202.03125,283.74289772727275,199.4162883901673,0.470219754012192
LW28E,0,0.8407200742209632,58,3374.335937,76.601563,357.12419189655174,603.4181241916008,2.829341933413364,30,3374.335937,517.382813,673.5351563333334,707.7829487135041,2.124941673349137,0.0626303782356316,2,3374.335937,1792.2460935,1792.2460935,2237.412913570427,0.0,2,3374.335937,1792.2460935,1792.2460935,2237.412913570427,0.0
LW28E,1,1.4183006535947712e-07,89,3243.828125,39.023437,301.56249992134826,557.632070666796,2.765785543692273,40,3243.828125,365.0390625,649.8330077749999,689.5359240905168,1.7453245137467917,0.7490254694396485,38,902.304687,19.726563,87.11862671052631,169.5372807631671,3.408993321777594,11,902.304687,132.96875,257.5213068181818,246.90772135667063,1.7438317692534888
LW28E,2,0.0705770618601747,108,2783.242188,75.5859375,286.1447482777778,487.3514672680032,2.9949221192688458,55,2783.242188,354.882812,543.2627840909091,577.2528711781097,2.2465309006267,0.0898548445895589,10,2140.859375,148.203125,347.8750001,639.6525438766216,2.5188847171484543,7,2140.859375,258.398437,489.23549114285714,732.1116484696535,1.9969697138607188
LW28R,0,0.4712857261311172,15,3901.445312,880.976563,1435.4401042,1293.7632432396551,0.6422534639619069,14,3901.445312,1033.0664065,1536.090959857143,1280.207366540032,0.5768314333117174,0.1610898466784313,3,2980.273438,568.671875,1191.7578126666667,1572.4583594922726,0.6136577072259235,2,2980.273438,1774.4726565,1774.4726565,1705.2598187173771,0.0
LW28R,1,0.63986676661055,28,3113.828125,138.5546875,630.8789062857143,895.9759233891034,1.4306511115669072,16,3113.828125,929.21875,1088.767089875,960.7384342977156,0.7347296468259394,0.4611232125914706,8,1497.460938,169.0234375,444.448242125,619.5544959648685,1.019522783040987,4,1497.460938,846.6992185,871.455078,639.62760815426,0.0241506840367741
MA09E,0,0.2675047125523012,49,3127.03125,462.03125,576.1543367142857,655.7435509568613,1.9674363538797028,39,3127.03125,514.84375,720.4166666923077,662.1724439954204,1.910762115718903,0.0,8,1348.164062,390.4296875,438.989258,443.87675671668376,1.04118410097239,6,1348.164062,474.726563,578.404948,427.1393737116135,0.970877085624174
MA09E,1,0.0846906351771511,56,2191.640625,198.222656,485.7170758928572,592.9217249825626,1.3675398059495731,38,2191.640625,535.9179684999999,706.9706003684211,604.9974793170758,0.9868575282382398,0.6978209033108171,20,837.8125,51.7187495,174.20312504999998,253.77683712727767,1.7639811357234874,9,837.8125,235.546875,361.3151042222223,284.43869622864713,0.8794371729409644
MA09E,2,7.796407185628743e-07,41,3231.640625,17.1875,235.65834607317075,639.3037547864882,3.602906784685746,9,3231.640625,700.703125,1011.653645888889,1083.8912542399064,1.1916673391494446,0.4566093117351495,11,920.078125,146.679688,323.4446023636364,356.8182359643894,0.6905225428563231,7,920.078125,554.453125,491.7020091428572,348.1553582438779,0.0068613719823357
MC04A,0,0.7798401580459771,27,4214.765625,238.59375,701.1168981111111,1059.169886511692,1.927748193416128,19,4214.765625,450.351562,986.9757401052632,1152.8973312810103,1.4895102406847376,0.0,1,3599.804687,3599.804687,3599.804687,,0.0,1,3599.804687,3599.804687,3599.804687,,0.0
MC04A,1,0.0863795068367989,52,3978.632812,137.285156,599.6777343269231,1032.8513216577132,2.1527504034013467,35,3978.632812,312.226563,879.3805803714286,1163.4868755393943,1.585232220473799,0.2998923065967406,4,2520.195312,520.683594,893.03710925,1175.638353397385,0.7161231887416699,2,2520.195312,1755.6835935,1755.6835935,1081.1828408958618,0.0
MC04A,2,0.7763157644927536,21,791.601563,52.734375,168.999256,252.65764163096807,1.7561947230295256,9,791.601563,205.585938,364.4184028888889,289.58726081636263,0.7206823493914892,0.7425367363531196,20,791.601563,52.2265625,150.38671895000002,223.1583993360722,1.8856924604626253,8,791.601563,217.773438,342.4414065,253.57145330008368,0.9260768101222204
MD22R,0,0.3766963154504504,23,4348.828125,495.039062,958.2744564782608,1118.439353399699,1.5337079314032875,19,4348.828125,707.304687,1157.6541940526315,1134.7212224677198,1.38896441185124,0.0,7,1468.515625,506.210937,507.299107,547.8446868829742,0.6209038365862184,4,1468.515625,768.4960934999999,877.9296872499999,415.6949115623321,0.8013263738746694
MD22R,1,0.3535607839595375,36,2527.8125,353.61328100000003,570.6467014166667,650.4585558645923,1.676115989678541,30,2527.8125,416.328125,682.5572917000001,657.9455566778126,1.5655350575616245,0.535179403211681,11,947.5,315.78125,324.1832389090909,272.5691683623972,0.9887310388669958,10,947.5,335.3320315,355.3906253000001,265.7924021213681,1.007137680638469
MD26R,0,0.016708180117647,67,3607.421875,190.351562,374.6420242238806,560.4764971035244,3.778541702532392,52,3607.421875,362.5,476.7675781153846,599.1304584462282,3.5521296258631723,0.1980474122586189,14,691.054687,190.8593755,250.4185267142857,224.4097657955883,0.5241695921622542,10,691.054687,336.3476565,341.8320313,200.4934313360284,0.2235589546714673
MD26R,1,0.5962832118228171,88,2132.734375,198.7304685,350.4567648977273,435.9647824839769,2.1076592148229527,68,2132.734375,273.37890600000003,445.3107766470589,454.41961367327326,1.889453650571556,0.1488176781537346,18,823.085937,119.511719,194.97829861111111,203.3609873848087,1.7951645821541438,14,823.085937,159.1210935,244.36104914285715,205.42734313480776,1.7268869273184393
MD26R,2,0.3289409049095607,76,3239.765625,103.5156245,298.90984785526314,614.6033944632424,3.602200741226405,51,3239.765625,182.734375,437.14843747058825,712.2404772657727,2.919175204088781,0.5845501968658952,7,1495.429688,227.929688,508.16964300000006,576.7498535398976,0.891186732929462,6,1495.429688,338.3789065,588.561198,587.2656421937866,0.695520152381878
MD26R,3,0.0,46,2826.40625,148.4570315,367.1144701956522,544.6864810674119,2.656019544046569,32,2826.40625,298.0078125,519.98535165625,592.6897151488082,2.2976821242331824,0.6861129723831356,21,785.0,54.257812,158.57700895238096,231.28044617504585,1.8337847502464453,10,785.0,175.8789065,313.59765639999995,259.83652389636575,1.035419285302388
MD26R,4,0.7405905744204636,69,2537.96875,92.34375,354.69146289855075,645.6193172515003,2.533893282614078,40,2537.96875,260.4296875,593.4404296499999,766.4509902766016,1.737250634489378,0.0,14,605.742187,209.394531,245.6305803571429,194.0405940108677,0.4861224741425705,11,605.742187,277.1875,304.14772727272725,176.74391322482708,0.3403599106468952
ME18L,0,0.312416984741248,45,2568.945313,271.601562,576.2552083333334,714.5335640738191,1.3318270010227955,31,2568.945313,594.0625,829.3762600967742,732.0967770963747,0.940770728313678,0.511199303436777,7,1759.492187,183.242188,509.4754464285714,611.681243057473,1.3835479114609783,7,1759.492187,183.242188,509.4754464285714,611.681243057473,1.3835479114609783
ME18L,1,0.2910968701244813,62,3114.335938,204.824219,461.0483871290323,638.3545603238513,2.098845654495812,39,3114.335938,473.203125,719.5963542307693,684.9035239588809,1.6991961929512365,0.0,13,1062.265625,65.429687,271.52343746153844,366.49687178718415,1.308990293950258,7,1062.265625,427.5,481.8359374285714,395.8588715243657,0.5043410416558393
ME18L,2,0.7911153664294187,18,3522.617187,651.1914059999999,931.9835069444443,925.6222310506776,1.857501351418276,18,3522.617187,651.1914059999999,931.9835069444443,925.6222310506776,1.857501351418276,0.0215820899303078,2,3522.109375,1797.8320315,1797.8320315,2438.496404470352,-1.8602817328912983e-16,2,3522.109375,1797.8320315,1797.8320315,2438.496404470352,-1.8602817328912983e-16
MG08K,0,0.576406855620155,77,3053.90625,93.359375,328.773336038961,562.1522361791211,2.845020867026524,46,3053.90625,267.5390625,534.7698710000001,652.4989515623649,2.168552632971949,0.7727234503936713,12,818.007812,281.757813,294.24153658333336,231.94663059562,0.7743883429172637,9,818.007812,350.820313,377.9600696666666,205.73632074037397,0.9078005184251136
MG08K,1,0.0259431757187257,43,3690.703125,319.335938,592.1021076511628,820.8493563898186,2.305788502566828,35,3690.703125,413.789063,721.5959822571429,859.942049713255,2.0905190510509817,0.4602768561288269,8,1942.8125,240.1171875,443.242187375,646.4920688177656,1.7628104836572072,5,1942.8125,413.789062,691.8671873999999,724.6814962061216,1.2409627229372653
MH14A,0,0.8174867021276596,63,6691.875,48.164062,574.5721726666667,1095.0951444897407,3.343840527932463,30,6691.875,680.6445315000001,1181.4153646666668,1355.130458448598,2.423959176553323,0.0,1,3599.804688,3599.804688,3599.804688,,0.0,1,3599.804688,3599.804688,3599.804688,,0.0
MH14A,1,0.0818560573185731,71,2779.6875,127.890625,452.296985056338,714.5074180900478,1.900055876454181,43,2779.6875,350.820313,729.5893895348837,806.8594674483016,1.223857157439605,0.5148668481082329,5,1746.289062,294.960938,712.5859376000001,817.4751836512008,0.4133653355855315,4,1746.289062,867.011719,886.30859375,830.5563353050443,0.0295187951796415
MH14A,2,0.0094850034482758,3,3447.96875,12.617187,1156.7187496666668,1984.281291521553,0.707104905586577,1,3447.96875,3447.96875,3447.96875,,0.0,0.0094822892982775,3,3447.96875,12.617187,1156.7187496666668,1984.281291521553,0.707104905586577,1,3447.96875,3447.96875,3447.96875,,0.0
MH25K,0,0.5672819503156565,78,1835.664063,17.695313,196.55598964102563,350.96223534639563,2.6204791925853725,30,1835.664063,381.5429685,490.5026041666667,426.26260457074727,1.6107999227446832,0.0850588243567996,47,1237.96875,10.585938,69.42736029787234,197.55763897138488,4.757660596602081,7,1237.96875,300.039062,399.2075891428572,386.99485351774223,1.6690917713645343
MH25K,1,0.7550496744666667,109,2435.390625,57.8125,269.10442948623853,408.159636466325,2.448974188444744,54,2435.390625,378.4960935,523.2508680185185,457.0004892532173,1.8833358156726203,0.5734065033021976,8,992.1875,461.523437,447.875976375,376.9034709914121,0.1848323134025093,6,992.1875,575.78125,590.8463539999999,317.39470185061555,-0.0740555737868001
MI15D,0,0.7340600761390887,80,2135.78125,267.03125,411.4023437,462.1406832493979,1.503314480246304,58,2135.78125,381.5429685,556.4668641896552,466.9532312439142,1.2687300746513206,0.350532634986439,10,1413.164062,182.2265625,355.54296860000005,426.0963508472601,1.663101217886186,8,1413.164062,275.6640625,434.165039,445.0918262872968,1.437157064869457
MI15D,1,1.4795454545454548e-07,52,2772.070312,356.152344,501.2304687307693,560.7770420005319,1.9035430425885995,40,2772.070312,474.9804685,643.790038975,566.3846996651372,1.8268261823414016,0.0,11,727.617187,241.132813,320.3977272727273,235.62089085142463,0.2916282009695358,10,727.617187,327.2070315,351.53125,223.2461162885116,0.2563592464200689
MI15D,2,0.0628180737814465,94,3685.625,40.546875,263.789893606383,520.7717846401235,3.940900226181872,43,3685.625,317.8125,555.8584664883721,662.8526021216811,2.896310218756934,0.2161030167950172,10,1419.257812,324.4140625,353.96875,420.9368325572433,1.6824783397634986,7,1419.257812,421.40625,501.3504464285714,425.79685532452345,1.609253803562107
MS23B,0,0.8276586630597015,49,3433.242187,269.0625,486.6446109387755,730.2532462933655,2.466676162750263,34,3433.242187,396.0156245,691.4878216470588,796.4551745073685,2.069020748722846,0.0,7,2875.664063,57.8125,508.967634,1055.6210229201272,1.9512881950920056,3,2875.664063,466.09375,1139.7916666666667,1515.806136108472,0.6552164166785226
MS23B,1,0.8108418367346939,62,2690.820312,236.816406,466.9373739838709,646.8239205602009,1.9651924003884131,43,2690.820312,335.585938,662.7352834418605,692.4132557917342,1.5739380846009718,0.7861240945244187,11,769.765625,265.0,322.7982955454545,283.471182601964,0.4764187571310125,7,769.765625,381.289062,483.50446442857145,225.8046994636676,0.2549094750347894
MS28B,0,0.0,8,3547.5,844.4140625,1105.556640625,1180.1282728409833,1.076680971530448,6,3547.5,1365.1757815,1472.0703125,1142.361076599805,0.9958228185143108,0.2880433161197292,5,1645.742188,527.539063,717.2578128,634.6852435542007,0.464914677162572,4,1645.742188,776.3671879999999,895.06835975,571.2470631313731,0.4962754042628357
MS28B,1,2.325e-06,1,2520.703125,2520.703125,2520.703125,,0.0,1,2520.703125,2520.703125,2520.703125,,0.0,0.0,1,2520.703125,2520.703125,2520.703125,,0.0,1,2520.703125,2520.703125,2520.703125,,0.0
MS28B,2,0.5735872395238095,109,712.382813,14.648437,50.647219045871566,94.94226208469718,4.302334754251932,24,712.382813,136.5234375,175.51920575,144.54233748785558,2.55714506201266,0.25348376042289,49,712.382813,18.203125,67.11894132653062,123.49371958206726,3.767175175262523,14,712.382813,122.3046875,187.63113842857143,183.888501027098,2.034904185118554
MS28B,3,0.6841822076344086,62,2937.617187,24.0429685,143.59185987096774,424.79495549562574,5.295793678014661,20,2937.617187,108.847656,405.56249995,687.2706091125038,2.8666545943666275,0.1838004116652278,3,2938.125,412.265625,1197.34375,1509.972762310606,0.6969628529796201,3,2938.125,412.265625,1197.34375,1509.972762310606,0.6969628529796201
NM11M,0,0.1119319660416666,25,698.671875,111.640625,187.8125,190.728948698216,1.1319306534080158,17,698.671875,198.984375,263.11810652941176,188.6890560164473,0.7912650849274485,0.5992203755517188,23,493.007812,70.0,151.9786005652174,146.0603148320523,1.02263764913753,15,493.007812,188.828125,217.16406246666668,142.43111886451362,0.6199841317549547
NM11M,1,0.8653144822160149,50,2893.945312,48.671875,407.13671874,722.0518503962755,2.3400469722251858,25,2893.945312,547.34375,801.16874996,860.7565638803054,1.447889479748081,0.1960725804579856,5,2893.945313,60.859375,606.6562502,1278.908889505875,1.4983851722327282,3,2893.945313,61.875,1005.559896,1635.389822099683,0.7071064743820713
OB20R,0,0.2356224167000668,55,3645.0,97.421875,538.0738636727273,867.6513781530057,2.0472035744341226,31,3645.0,621.484375,938.1136592580646,987.8857988051418,1.3267065045772624,0.5360257596743248,6,1474.101562,428.769531,594.1471351666668,554.7021141362201,0.619957002957118,5,1474.101562,540.742187,709.3359372000001,533.9518643379117,0.4999343817576102
OB20R,1,0.5083452463092463,41,2608.554688,348.789062,621.3481326097561,711.2745535331694,1.345012640690346,32,2608.554688,551.1523440000001,790.91918946875,719.3894869327312,1.1250522674734005,0.4080848744302219,6,1296.875,516.6210940000001,591.6927085000001,471.1464197449968,0.3365520083479076,5,1296.875,555.976563,708.6250002,418.2403372841465,0.4090367395164326
PA13R,0,0.0744375426912568,70,2272.382812,149.7265625,414.1662946857143,536.2972895638803,1.7368192377355534,57,2272.382812,236.054688,502.950246754386,557.7895822074569,1.499253821502185,0.2763353851920477,4,1344.101562,1066.3281255,895.0683595,565.273307786623,-0.7639455728181794,4,1344.101562,1066.3281255,895.0683595,565.273307786623,-0.7639455728181794
PA13R,1,0.2703196240149095,80,2209.414062,216.25,464.0688477125001,592.1378454393068,1.757352964506514,63,2209.414062,335.585938,582.7616567619048,615.9298954275915,1.5037790603491816,0.0,3,1830.078125,1615.78125,1196.1588543333337,918.6638774241663,-0.6640660810050838,3,1830.078125,1615.78125,1196.1588543333337,918.6638774241663,-0.6640660810050838
PG11T,0,3.643656716417911e-07,24,3074.726563,253.3203125,662.8499349583334,908.4280161363484,1.6696117196947702,18,3074.726563,557.246094,876.4062501111111,960.8786901681144,1.3325198037628945,0.2973532372088096,2,2529.335937,1793.0078119999998,1793.0078119999998,1041.3252207317514,4.479063206916318e-16,2,2529.335937,1793.0078119999998,1793.0078119999998,1041.3252207317514,4.479063206916318e-16
PG11T,1,3.399477806788512e-07,28,3703.398438,278.203125,813.9997210357143,1075.78268759744,1.554443622991575,22,3703.398438,651.1914059999999,1027.5035511818182,1124.7251009686106,1.2663284131666186,0.0767363192796928,8,1193.789062,156.328125,444.321289125,513.8362408477226,0.680893408920464,6,1193.789062,459.4921875,583.9908855,525.2098662378622,0.2400237899068064
PS06G,0,0.0055147425667828,68,6500.9375,153.7890625,501.7451746617648,934.4768969894131,4.291935747754262,50,6500.9375,282.5195315,675.96250004,1037.773082243719,3.820441612063365,0.0,6,996.757812,744.1210940000001,594.2317708333334,441.6670039676237,-0.4552381802828061,5,996.757812,871.835938,708.3203126000001,382.3816323698588,-1.0048429760521402
PS06G,1,0.2894988738738738,69,2809.648437,108.59375,477.2067482318841,700.7499576925866,1.630153927001713,42,2809.648437,431.5625,771.0230655238096,767.0164902420012,0.9914979847268448,0.1348527963812248,3,2015.429688,1096.796875,1198.528646,771.0848694644947,0.2381580388214962,3,2015.429688,1096.796875,1198.528646,771.0848694644947,0.2381580388214962
PS06G,2,0.0341288093193384,69,3392.109375,171.054687,449.2549818115942,655.7064218946242,2.360845566943551,48,3392.109375,377.480469,635.6396483333333,710.8700352108491,1.9735050425020968,0.5409628390283675,16,1252.1875,129.667969,220.661621125,305.4676139322999,2.558910569381282,10,1252.1875,252.3046875,336.7031251,339.8588075053803,2.1655094359898404
RA03A,0,0.0,1,5880.898437,5880.898437,5880.898437,,0.0,1,5880.898437,5880.898437,5880.898437,,0.0,0.0,1,3599.804688,3599.804688,3599.804688,,0.0,1,3599.804688,3599.804688,3599.804688,,0.0
RA03A,1,0.0300927973095737,67,2777.148438,214.726563,419.6705924179105,562.7850852113197,2.457416788016683,49,2777.148438,361.992188,564.7855549183673,596.157416488907,2.208602518849488,0.6277143764607224,16,1103.398437,190.097656,221.64550775,265.9937756563652,2.3910739993585275,11,1103.398437,215.234375,311.672585090909,278.44628209414185,2.309479734010472
RA03A,2,0.6582214684372595,66,3596.757812,161.4062495,389.4986978484848,573.6657443537011,3.199711380544977,48,3596.757812,314.2578125,525.7194009791666,620.9256942337068,2.901680617875148,0.0,10,1324.296875,176.6406245,357.0664062,423.5715071643776,1.2338346620813732,7,1324.296875,499.609375,499.82700885714286,435.60613452467175,0.8801742925327934
RA03A,3,0.3505951406631762,22,1707.1875,314.765625,515.2130682272727,533.4634434199124,1.050483144917974,20,1707.1875,423.9453125,564.2539063,535.4177581648487,0.9515694364363604,0.3192174456882151,8,1228.828125,399.5703125,445.083007875,363.9346247101554,1.2669483888591837,8,1228.828125,399.5703125,445.083007875,363.9346247101554,1.2669483888591837
RF17R,0,0.1161646133699633,67,3329.648438,119.765625,480.2291278358209,742.8121183846694,2.094398879205733,42,3329.648438,442.988281,750.8919270952381,828.8388875691742,1.5124297763137766,0.0,4,1777.265625,676.0742184999999,894.56054675,607.3058716638733,0.9565254655087742,4,1777.265625,676.0742184999999,894.56054675,607.3058716638733,0.9565254655087742
RF17R,1,0.4087212643678161,61,2400.351562,170.546875,417.3104508360656,605.8580522411029,2.101329616514992,41,2400.351562,412.773438,612.9382622195122,656.3725543004954,1.6722591364868666,0.1973421150675266,14,1117.109375,18.203125,247.15401778571427,373.7480285673042,1.271368982492142,5,1117.109375,705.273437,667.3906248,331.9110436560578,0.1573319905978772
RM13N,0,0.4669449657666046,48,2838.59375,440.703125,663.791503875,697.9987459437372,1.4736181462124776,40,2838.59375,595.8398440000001,787.996093725,701.5410264299483,1.353567782822397,0.5504138195392672,7,1560.9375,407.1875,509.9107142857143,502.07564352568977,1.430209321612078,6,1560.9375,477.519531,585.9375,503.9279077003941,1.3836610949555046
RM13N,1,0.6822779053648068,50,2197.734375,343.7109375,554.40234374,607.440048969546,1.2693005418246868,40,2197.734375,432.070313,688.9980469,608.8162688166318,1.0849478989935055,0.1437395391000941,5,1579.21875,511.796875,715.5312498,606.6611951732733,0.3681673412641671,4,1579.21875,776.6210935,892.52929675,530.9064733811314,0.4573210452666331
SB11Z,0,0.3849294526411657,34,3717.109375,40.800781,318.4995403235294,697.3894637769494,3.6443025396053086,13,3717.109375,819.023437,798.6328123076922,965.7661435749268,2.232126926123422,0.2234381060758627,12,1153.671875,44.3554685,295.0878905,396.3050529252006,1.1198556815837035,5,1153.671875,562.578125,671.046875,358.7323508357349,0.1480657365171046
SB11Z,1,0.1295585915696062,94,3761.289063,123.066406,377.5939162340426,674.5596908190403,3.180934541815997,63,3761.289063,248.75,549.5039682698413,768.9879587263883,2.589350990089789,0.0,11,1422.304687,102.5,320.5823864545455,423.7879758605829,1.7563449695646347,9,1422.304687,136.523438,385.23871533333335,445.6774953157808,1.5174166289746962
SC10R,0,0.1956284369712352,45,3774.492187,168.007813,518.4661458222222,754.037586544055,2.433910693471173,32,3774.492187,387.890625,718.984375,814.4044503198379,2.083622644592477,0.5264337197643632,9,1008.4375,233.515625,394.3229166666667,379.5624991642503,0.6924966683390054,7,1008.4375,301.5625,499.1015625714286,366.6651240073165,0.4480940739765176
SC10R,1,0.1091017576730906,112,2633.945312,34.4531255,241.22349328571428,477.8151550230648,2.8076562893661987,42,2633.945312,302.8320315,609.1880580238095,629.1299531251587,1.4475865703091515,0.389747150908521,65,432.070313,17.1875,44.718749984615386,72.94755132239514,3.267161769989335,10,432.070313,153.0273435,183.8007812,105.5540262939317,1.3322297313736478
SC10R,2,6.445544554455445e-07,54,2833.007813,20.9960935,214.4350405555556,625.2489085588826,3.3458865395249258,14,2833.007813,96.6601565,772.7762278571429,1067.8118427741529,1.0475923068890314,0.2752069096307443,10,2609.0625,23.2812495,346.60546860000005,809.6945725220897,2.50242768513996,3,2609.0625,500.117187,1103.3984373333333,1312.4913859915916,0.6660184047307368
SD30K,0,1.3734177215189874e-07,46,2659.335937,354.12109350000003,610.8203125,703.4810381824216,1.2488279817664596,36,2659.335937,407.695313,773.7434895555556,714.5793903336131,0.9912268972180605,0.5447714431216426,10,1569.0625,153.7890625,350.92187490000003,485.0467352764834,1.7455892628443896,7,1569.0625,372.65625,491.12165185714287,525.6289251475883,1.3516198054145363
SD30K,1,2.224373576309795e-07,44,3447.460938,280.48828100000003,589.7691761363636,887.3211905253082,2.0326534626364725,30,3447.460938,491.484375,856.0260416666666,967.9142516090584,1.5741966026659624,0.406110042519632,7,2115.976563,206.601563,507.5892857142857,738.3446898409786,1.7361729609241487,6,2115.976563,299.0234375,589.8307291666666,772.896341718696,1.5478078904082
SD30K,2,0.3920261072829131,4,4245.742187,1436.015625,1780.69335925,2088.560825473304,0.2347175864396302,3,4245.742187,2781.210937,2372.5911456666668,2107.3850016460897,-0.3428226077895244,0.0,2,3503.828125,1797.3242185,1797.3242185,2413.360968814968,1.9190143677653826e-16,2,3503.828125,1797.3242185,1797.3242185,2413.360968814968,1.9190143677653826e-16
SE06H,0,0.8105735385840108,92,1858.007813,25.058594,312.3755943695652,465.0813450340319,1.4393653869597365,40,1858.007813,722.539063,702.480468725,477.9806672791863,0.4067419649035942,0.0,6,1183.632812,619.960937,594.0624998333333,476.0445748606098,-0.019785811617585,5,1183.632812,892.148437,711.5703121999999,423.9249955048362,-0.251120630383669
SE06H,1,0.2307214262757871,36,3625.703125,258.3984375,506.8739149444445,795.9733553721373,2.595773756039742,25,3625.703125,390.429687,718.55781252,878.0891239095461,2.1618497791349296,0.2381082848237526,3,2742.617187,544.296875,1197.8515623333333,1343.0732480601582,0.6822802981377906,3,2742.617187,544.296875,1197.8515623333333,1343.0732480601582,0.6822802981377906
SG29P,0,0.1383593749844237,54,3117.890625,268.808594,589.1912615555556,756.5987392665206,1.75663039976387,43,3117.890625,366.054687,734.1833211860466,785.2664041214093,1.5203560691407962,0.2148334819621624,12,1672.65625,142.363281,295.0878905833333,461.5024994648811,2.469947935555953,10,1672.65625,165.9765625,352.5976562,488.1228038769052,2.248290280412724
SG29P,1,0.3755712889583333,3,2998.046875,1749.84375,1589.7135416666667,1494.8448653516186,-0.1945367570716928,2,2998.046875,2373.9453125,2373.9453125,882.6128939857398,0.0,0.1671554012332357,3,2998.046875,548.867187,1189.3880206666663,1588.404895649476,0.6203507568638637,2,2998.046875,1773.457031,1773.457031,1731.831565729153,0.0
SG29P,2,0.5351549213265306,105,2060.117188,31.40625,271.1614583333333,430.4004880173272,1.9081778009538264,45,2060.117188,458.984375,608.5972222888889,483.5966173369509,0.93078827549053,0.6428077335167571,8,1228.320312,215.234375,446.60644525,486.1344700083739,0.7600220273335339,6,1228.320312,431.816406,582.7213539999999,491.8350762306904,0.3665278541315897
SG29P,3,0.0074862593366093,42,2633.945312,310.7031255,575.0799850476191,626.4643599056942,1.4066442256261966,35,2633.945312,434.609375,684.0033481428571,632.4043831390275,1.2570385066964265,0.0,13,802.773438,181.210938,271.9140625384616,253.40857485328544,1.1322175037713753,11,802.773438,184.765625,318.1356534545455,248.54807709313567,1.0832587854079323
SL10R,0,0.5829438412219644,50,3404.296875,219.2968745,511.94921876,729.9578101177967,2.0866664742701437,31,3404.296875,542.265625,811.897681483871,790.8890669683204,1.6356416580245132,0.714324854471258,9,1028.242187,275.15625,394.0407985555555,323.7092039023735,0.8705835173576907,8,1028.242187,339.902344,441.147460875,311.3405301084877,0.9085031839611208
SR08R,0,0.426459453848947,100,2623.28125,17.1875,266.66562502,538.006824268857,2.5218923889835154,38,2623.28125,387.890625,681.0454359210527,699.9153841442753,1.1557857722892706,0.6161475048045922,9,1381.679687,188.320312,391.38888877777777,459.24597259780415,1.1917348012829518,7,1381.679687,298.515625,500.47991057142855,467.68095028172814,0.956282811454102
SR08R,1,0.1955371467816092,55,3163.59375,205.585937,467.61718745454544,627.6352581947915,2.09142305206287,38,3163.59375,424.1992185,669.7933798684211,662.6041205711118,1.7957266604085207,0.0547310512509573,10,2044.375,159.121094,349.5507812,616.7123163888859,2.355798267741599,6,2044.375,256.11328100000003,566.7252605,736.8606394136076,1.6574037932563812
SR19R,0,0.4376653505734767,45,4083.242187,114.179687,612.4791666444445,948.5356987391804,1.9521503329597971,24,4083.242187,677.5976559999999,1136.1735025833334,1052.5333939145987,1.2765446530005955,0.4587252027528695,6,1102.890625,518.144531,594.5703123333333,289.242261478119,0.9113468523066356,6,1102.890625,518.144531,594.5703123333333,289.242261478119,0.9113468523066356
SS11H,0,0.5588508718960864,74,1830.585938,256.875,391.115920581081,417.1404414380212,1.368571231480204,56,1830.585938,375.957031,508.49609373214287,416.1275128353445,1.181846536379208,0.3973643590723141,9,1125.742188,306.640625,393.7022568888889,423.87647417707024,0.8298799537696758,6,1125.742188,416.8359375,584.0755208333334,396.2004630278948,0.5382541879473486
SS11H,1,0.9099697289233576,86,2960.976563,67.9687505,372.89244188372095,599.9543365616681,2.26230681100943,46,2960.976563,466.0937505,680.3795856086956,686.9991725336987,1.5334700987816658,0.1774527383342896,10,2960.976563,21.2499995,346.85937490000003,921.3445451320076,2.636642350835977,3,2960.976563,193.398437,1114.4010416666667,1599.1829441713503,0.7071002838920144
SS21A,0,0.7347095991035857,56,2732.460937,249.5117185,528.4095981964285,671.0848653741477,1.9822911245586676,45,2732.460937,422.929688,654.1536458222222,693.2472556325581,1.7996951565146455,0.7720181534803575,10,794.648437,279.47265600000003,349.6015624,318.40398962505463,0.2748401594354807,8,794.648437,449.5898435,435.624999875,296.75100624084723,-0.0405740514989219
SS22K,0,0.1823883954890788,69,2008.320313,186.289063,303.0417798985507,350.7390343603,2.3606727113666834,50,2008.320313,288.105469,408.20312504,360.04724069912805,2.3058577450562647,0.4608410937705894,18,1141.484375,90.566406,196.33246522222225,296.7926630659464,2.195602595470415,11,1141.484375,143.632812,306.5482952727273,339.4364631720802,1.581823014076822
SV03R,0,0.2691944066864295,67,2772.070313,216.757813,444.68983219402986,573.0409404864027,1.970224014754573,47,2772.070313,456.445312,626.0979057234043,598.7006829844573,1.6982450958930912,0.4039941515019121,6,1331.914062,503.4179685,587.7994788333334,434.84499609567234,0.7712134183312394,6,1331.914062,503.4179685,587.7994788333334,434.84499609567234,0.7712134183312394
SV03R,1,0.2825447023255814,57,2482.617187,62.382812,353.519736877193,573.407750964104,2.384479961005576,29,2482.617187,521.445313,674.5420258275861,663.3685880553878,1.6389594826081582,0.3207690993419511,14,1043.476562,127.128906,250.41852664285716,295.2887904963096,1.47543612486715,9,1043.476562,313.242187,375.7595483333333,303.3499103975507,1.1387890011687358
TM01F,0,0.0,50,6899.570312,98.9453125,447.79218748,1075.804219418574,4.714617009493617,28,6899.570312,445.7812495,782.3339843928571,1355.1417995075833,3.571286123241552,0.0,13,1004.375,99.960937,272.42187484615386,329.7387278419213,1.0432083321860186,9,1004.375,191.367187,389.07552066666665,336.6485702451744,0.5976222196388988
TM01F,1,0.4506838914634146,24,4091.367188,57.558594,812.3583985416667,1336.4275063557209,1.3502794385922492,12,4091.367188,1265.1367185,1604.609375,1537.736944798797,0.2808691151305625,0.0568469422686772,3,3395.15625,154.296875,1189.8958333333333,1910.987524151896,0.7031937466303887,2,3395.15625,1774.7265625,1774.7265625,2291.6336409344963,0.0
TM01F,2,0.6188851459737827,27,2268.320313,244.6875,392.1412037407408,482.6387906307047,2.56617748965546,23,2268.320313,250.78125,455.2088995217392,497.1728826610521,2.465049193680202,0.0,7,1797.070312,342.1875,512.3046874285715,607.2428299908097,1.5163192841855375,6,1797.070312,422.9296875,596.4322916666666,618.9038807550228,1.4118800544157153
TM30L,0,0.4892734766499582,55,3529.726562,30.390625,423.98224434545455,820.9054514740808,2.566200051627931,24,3529.726562,641.2890625,952.9801432916666,1031.457634517909,1.4451672658676369,0.1160918946537342,13,1139.453125,92.34375,268.9843750769232,332.8690502946309,1.400185260940375,8,1139.453125,403.886719,432.832031375,331.9238573969977,1.1326472065467452
TM30L,1,0.326379151986755,29,3333.710938,324.414063,619.8908944827585,746.4230885914711,2.2016974233256543,26,3333.710938,400.3320315,688.3984376153846,759.4755239523749,2.1275728138038046,0.2388135817370664,5,1389.804688,809.882812,713.09375,502.712010300773,-0.0861051429639472,4,1389.804688,822.070312,888.33984375,363.6177451252447,0.6024288221314994
UH09L,0,0.6528296100206612,88,3559.6875,59.082031,316.96422230681816,608.1464055620005,3.171243468450542,44,3559.6875,324.921875,613.9595170681819,753.3592587037921,2.1988578969659422,0.0791343291182939,16,1827.03125,11.8554685,213.361816375,494.8195361945262,2.481869660158205,3,1827.03125,752.5,1094.4270833333333,634.9218766021697,0.7024199500192364
UH09L,1,0.411625865228013,80,3526.171875,219.0429685,446.6445312,686.84434448249,2.590578403990558,55,3526.171875,359.960938,642.5262783636363,751.6795556953825,2.1808595274358398,0.0,10,1516.25,171.5625,347.6718751,461.210236358584,1.8068592378037267,8,1516.25,236.816406,432.5146485,482.0314602732744,1.599218129355733
VA30T,0,0.2121061766375545,77,2700.976563,130.429687,349.9761566363636,547.3611075076078,2.36037173026169,47,2700.976563,350.820312,561.5192818936171,614.3945206055685,1.7870518735810923,0.1012806566963592,13,678.359375,243.164062,270.546875,235.7395639756116,0.4237121143139435,10,678.359375,338.6328125,348.9921875,210.86624225645835,0.233089212649722
VA30T,1,0.4079145827754533,51,3017.851563,312.734375,553.706341882353,726.1409963043496,1.7987746105116738,37,3017.851563,411.757813,756.6311233513513,760.3220211337956,1.4916449068769244,0.5829985432121592,15,893.671875,161.40625,228.50520846666672,252.5344148584066,1.226184033527707,10,893.671875,324.1601565,338.328125,242.8932299029843,1.0781054323173074
VE19A,0,0.0712117363858363,68,3469.804688,264.74609350000003,472.7774586029412,643.6925455842791,2.58431525363618,53,3469.804688,404.648437,601.6988502264151,676.0214391888433,2.385281511670557,0.5676230676130217,7,1556.367187,300.546875,505.4854908571429,516.0929071563759,1.3386536836227323,6,1556.367187,363.515625,583.3984373333333,518.2959365654809,1.2707572894028742
VE19A,1,0.2142387984423676,33,5908.828125,20.234375,357.6834753333333,1121.6945937016062,4.140943407657673,10,5908.828125,250.5273435,1142.6015626,1868.4258397282272,1.9079248031351008,0.6483090503850517,24,1265.898437,19.980469,108.40332025,265.95676760526607,3.71296857346174,6,1265.898437,223.1054685,380.2734373333333,454.3885136914517,1.4579684208341432
VS09S,0,0.4852129355244253,117,2815.742187,110.117188,231.2239583076923,372.7748194417436,4.069105339054539,72,2815.742187,212.695312,358.51508244444443,429.0986944484812,3.517440414427226,0.6220720000430979,16,604.21875,154.5507815,217.456054625,177.36710100419,1.0512582811924631,14,604.21875,161.1523435,244.28850442857143,173.32970431386565,1.0289757908652324
VS09S,1,0.0925148068731563,119,1342.578125,89.296875,276.62421216806723,375.73015584615166,1.474509247453147,68,1342.578125,313.75,465.2946920588235,405.196375333998,0.751888378260767,0.3484167436915283,12,971.367188,127.1289065,293.18359383333336,345.748447986838,1.1270972136878574,9,971.367188,164.960938,381.8532987777778,358.96744839468835,0.7665261394277934
WM13K,0,0.2418635231225296,66,3305.78125,297.7539065,453.8985558484848,597.852331730801,3.281308526609038,56,3305.78125,375.195312,532.0096260892857,617.5573041043413,3.2036951186941818,0.391298804562257,11,516.875,298.515625,320.859375,169.398669083225,-0.29624362134563,10,516.875,331.015625,348.6875,149.73108908972665,-0.3224069707593809
WM13K,1,0.3958978053398058,38,3733.867188,16.425781,151.0896382631579,609.187196062035,5.5861881979762975,8,3733.867188,114.9414065,646.8750002500001,1266.8113073168167,2.140699912139432,0.0,1,3599.804687,3599.804687,3599.804687,,0.0,1,3599.804687,3599.804687,3599.804687,,0.0
WM13K,2,0.5687425101032448,61,1654.882813,51.71875,218.03983098360655,363.6139462217499,2.2031487542732893,29,1654.882813,141.09375,429.4436961724138,441.3365201779561,1.183782364553103,0.340799535624518,11,1306.523438,116.71875,321.36718763636367,434.4345286436609,1.3728626375112452,8,1306.523438,139.3164065,432.578125125,466.6809899941018,0.9494339218950196
